Away,Home,Away Score,Home Score,Line,Over/Under,Away Rushing,Home Rushing,Away Passing,Home Passing
Green Bay Packers,Dallas Cowboys,34,27,Green Bay Packers -7.0,-1,102,187,304,238
Kansas City Chiefs,Green Bay Packers,10,35,Green Bay Packers -14.0,0.0 (over),72,130,228,250
Kansas City Chiefs,Buffalo Bills,31,7,Kansas City Chiefs -3.5,-1,113,40,227,253
Los Angeles Rams,Green Bay Packers,7,28,Los Angeles Rams -3.0,-1,75,163,186,222
Cleveland Browns,Dallas Cowboys,14,52,Dallas Cowboys -5.0,-1,159,178,194,225
Dallas Cowboys,Green Bay Packers,17,21,Green Bay Packers -7.0,-1,92,80,109,191
Oakland Raiders,Green Bay Packers,14,33,Green Bay Packers -13.5,43.0 (over),107,160,208,202
Houston Oilers,Oakland Raiders,7,40,Oakland Raiders -10.0,-1,38,263,142,111
Dallas Cowboys,Cleveland Browns,20,31,Dallas Cowboys -3.0,-1,86,102,205,203
Minnesota Vikings,Baltimore Colts,14,24,Baltimore Colts -11.0,-1,85,50,287,280
Baltimore Colts,Cleveland Browns,34,0,Baltimore Colts -6.0,-1,184,56,169,151
New York Jets,Baltimore Colts,16,7,Baltimore Colts -18.0,40.0 (under),142,143,206,181
Kansas City Chiefs,Oakland Raiders,6,41,Kansas City Chiefs -3.5,-1,70,118,253,347
Oakland Raiders,New York Jets,23,27,New York Jets -2.0,-1,50,144,401,266
Los Angeles Rams,Minnesota Vikings,20,23,Minnesota Vikings -7.0,-1,126,97,150,196
Cleveland Browns,Dallas Cowboys,38,14,Dallas Cowboys -7.0,-1,97,100,254,136
Cleveland Browns,Minnesota Vikings,7,27,Minnesota Vikings -8.0,-1,97,222,181,169
Minnesota Vikings,Kansas City Chiefs,7,23,Minnesota Vikings -12.0,39.0 (under),67,151,199,142
Kansas City Chiefs,New York Jets,13,6,Kansas City Chiefs -2.5,-1,99,87,201,164
Houston Oilers,Oakland Raiders,7,56,Oakland Raiders -13.0,-1,28,110,209,309
Kansas City Chiefs,Oakland Raiders,17,7,Oakland Raiders -5.0,-1,86,79,129,191
Cincinnati Bengals,Baltimore Colts,0,17,Baltimore Colts -7.0,-1,63,170,93,145
Detroit Lions,Dallas Cowboys,0,5,Detroit Lions -3.0,-1,76,209,92,38
Miami Dolphins,Oakland Raiders,14,21,Oakland Raiders -6.0,-1,118,120,155,187
San Francisco 49ers,Minnesota Vikings,17,14,Minnesota Vikings -7.0,-1,96,117,201,146
Oakland Raiders,Baltimore Colts,17,27,Oakland Raiders -1.5,-1,107,126,277,245
Dallas Cowboys,San Francisco 49ers,17,10,San Francisco 49ers -4.0,-1,229,61,101,262
Dallas Cowboys,Baltimore Colts,13,16,Baltimore Colts -2.5,36.0 (under),104,69,127,260
Dallas Cowboys,Minnesota Vikings,20,12,Dallas Cowboys -1.0,-1,98,101,99,210
Miami Dolphins,Kansas City Chiefs,27,24,Kansas City Chiefs -3.0,-1,144,213,263,246
Baltimore Colts,Cleveland Browns,20,3,Baltimore Colts -4.0,-1,128,69,143,131
Washington Redskins,San Francisco 49ers,20,24,San Francisco 49ers -5.5,-1,99,112,106,176
San Francisco 49ers,Dallas Cowboys,3,14,Dallas Cowboys -5.0,-1,61,172,184,103
Baltimore Colts,Miami Dolphins,0,21,Miami Dolphins -1.0,-1,89,144,224,158
Miami Dolphins,Dallas Cowboys,3,24,Dallas Cowboys -6.0,34.0 (under),80,252,134,119
Dallas Cowboys,San Francisco 49ers,30,28,Pick,-1,165,105,270,150
Oakland Raiders,Pittsburgh Steelers,7,13,Pittsburgh Steelers -2.0,-1,138,108,102,175
Cleveland Browns,Miami Dolphins,14,20,Miami Dolphins -12.5,-1,165,198,131,88
Green Bay Packers,Washington Redskins,3,16,Washington Redskins -5.0,-1,78,138,150,100
Miami Dolphins,Pittsburgh Steelers,21,17,Miami Dolphins -3.0,-1,193,128,121,137
Dallas Cowboys,Washington Redskins,3,26,Washington Redskins -3.0,-1,96,122,98,194
Washington Redskins,Miami Dolphins,7,14,Miami Dolphins -1.0,33.0 (under),141,184,104,88
Washington Redskins,Minnesota Vikings,20,27,Minnesota Vikings -8.0,-1,155,141,159,222
Pittsburgh Steelers,Oakland Raiders,14,33,Oakland Raiders -3.5,-1,65,232,167,142
Los Angeles Rams,Dallas Cowboys,16,27,Dallas Cowboys -2.5,-1,93,162,133,180
Cincinnati Bengals,Miami Dolphins,16,34,Miami Dolphins -10.0,-1,97,241,113,159
Oakland Raiders,Miami Dolphins,10,27,Miami Dolphins -7.0,-1,107,266,129,34
Minnesota Vikings,Dallas Cowboys,27,10,Dallas Cowboys -1.0,-1,203,90,133,89
Minnesota Vikings,Miami Dolphins,7,24,Miami Dolphins -6.5,33.0 (under),72,196,182,73
St. Louis Cardinals,Minnesota Vikings,14,30,Minnesota Vikings -7.0,-1,100,199,200,169
Miami Dolphins,Oakland Raiders,26,28,Oakland Raiders -3.0,-1,213,135,101,293
Buffalo Bills,Pittsburgh Steelers,14,32,Pittsburgh Steelers -6.5,-1,100,235,164,203
Washington Redskins,Los Angeles Rams,10,19,Los Angeles Rams -2.5,-1,49,131,177,95
Los Angeles Rams,Minnesota Vikings,10,14,Minnesota Vikings -5.5,-1,121,164,248,123
Pittsburgh Steelers,Oakland Raiders,24,13,Oakland Raiders -5.5,-1,224,29,95,271
Pittsburgh Steelers,Minnesota Vikings,16,6,Pittsburgh Steelers -3.0,33.0 (under),249,17,96,102
Baltimore Colts,Pittsburgh Steelers,10,28,Pittsburgh Steelers -10.5,-1,82,211,100,103
St. Louis Cardinals,Los Angeles Rams,23,35,Los Angeles Rams -6.5,-1,95,237,291,203
Dallas Cowboys,Minnesota Vikings,17,14,Minnesota Vikings -8.0,-1,131,115,246,135
Cincinnati Bengals,Oakland Raiders,28,31,Oakland Raiders -6.5,-1,97,173,201,199
Dallas Cowboys,Los Angeles Rams,37,7,Los Angeles Rams -6.5,-1,195,22,246,147
Oakland Raiders,Pittsburgh Steelers,10,16,Pittsburgh Steelers -6.5,-1,93,117,246,215
Pittsburgh Steelers,Dallas Cowboys,21,17,Pittsburgh Steelers -7.0,36.0 (over),149,108,209,204
Washington Redskins,Minnesota Vikings,20,35,Minnesota Vikings -6.0,-1,75,221,298,170
New England Patriots,Oakland Raiders,21,24,Oakland Raiders -8.0,-1,164,81,167,233
Pittsburgh Steelers,Baltimore Colts,40,14,Pittsburgh Steelers -3.5,-1,225,71,308,144
Los Angeles Rams,Dallas Cowboys,14,12,Dallas Cowboys -3.5,-1,120,85,152,150
Los Angeles Rams,Minnesota Vikings,13,24,Minnesota Vikings -5.0,-1,193,158,161,143
Pittsburgh Steelers,Oakland Raiders,7,24,Pittsburgh Steelers -4.0,-1,72,157,176,88
Oakland Raiders,Minnesota Vikings,32,14,Oakland Raiders -4.0,38.0 (over),266,71,180,286
Pittsburgh Steelers,Denver Broncos,21,34,Denver Broncos -2.0,-1,127,103,177,164
Oakland Raiders,Baltimore Colts,37,31,Oakland Raiders -3.0,-1,167,187,345,164
Chicago Bears,Dallas Cowboys,7,37,Dallas Cowboys -10.0,-1,81,233,177,134
Minnesota Vikings,Los Angeles Rams,14,7,Los Angeles Rams -8.0,-1,144,149,57,130
Minnesota Vikings,Dallas Cowboys,6,23,Dallas Cowboys -11.0,-1,66,170,158,165
Oakland Raiders,Denver Broncos,17,20,Oakland Raiders -4.0,-1,94,91,215,224
Denver Broncos,Dallas Cowboys,10,27,Dallas Cowboys -6.0,39.0 (under),121,143,61,217
Philadelphia Eagles,Atlanta Falcons,13,14,Atlanta Falcons -2.5,-1,53,75,190,243
Houston Oilers,Miami Dolphins,17,9,Miami Dolphins -6.5,-1,165,91,306,137
Atlanta Falcons,Dallas Cowboys,20,27,Dallas Cowboys -15.0,-1,164,148,95,232
Denver Broncos,Pittsburgh Steelers,10,33,Pittsburgh Steelers -7.0,-1,87,153,168,272
Minnesota Vikings,Los Angeles Rams,10,34,Los Angeles Rams -7.5,-1,36,200,219,209
Houston Oilers,New England Patriots,31,14,New England Patriots -6.0,-1,174,83,200,206
Dallas Cowboys,Los Angeles Rams,28,0,Dallas Cowboys -3.5,-1,126,81,126,206
Houston Oilers,Pittsburgh Steelers,5,34,Pittsburgh Steelers -7.0,-1,72,179,96,200
Pittsburgh Steelers,Dallas Cowboys,35,31,Pittsburgh Steelers -3.5,37.0 (over),66,154,318,228
Denver Broncos,Houston Oilers,7,13,Houston Oilers -7.0,-1,112,135,144,158
Chicago Bears,Philadelphia Eagles,17,27,Philadelphia Eagles -6.5,-1,99,139,142,204
Philadelphia Eagles,Tampa Bay Buccaneers,17,24,Philadelphia Eagles -4.5,-1,48,186,199,132
Houston Oilers,San Diego Chargers,17,14,San Diego Chargers -8.0,-1,148,63,111,333
Miami Dolphins,Pittsburgh Steelers,14,34,Pittsburgh Steelers -9.5,-1,25,159,243,230
Los Angeles Rams,Dallas Cowboys,21,19,Dallas Cowboys -8.5,-1,159,156,210,150
Houston Oilers,Pittsburgh Steelers,13,27,Pittsburgh Steelers -9.5,-1,24,161,212,219
Los Angeles Rams,Tampa Bay Buccaneers,9,0,Los Angeles Rams -3.5,-1,216,92,163,96
Los Angeles Rams,Pittsburgh Steelers,19,31,Pittsburgh Steelers -10.0,36.0 (over),107,84,236,309
Los Angeles Rams,Dallas Cowboys,13,34,Dallas Cowboys -3.0,46.0 (over),92,338,176,190
Houston Oilers,Oakland Raiders,7,27,Houston Oilers -1.0,38.0 (under),97,111,243,168
Minnesota Vikings,Philadelphia Eagles,16,31,Philadelphia Eagles -7.0,38.0 (over),36,126,209,190
Buffalo Bills,San Diego Chargers,14,20,San Diego Chargers -6.0,41.0 (under),97,96,180,314
Dallas Cowboys,Atlanta Falcons,30,27,Atlanta Falcons -2.5,45.0 (over),112,86,322,320
Oakland Raiders,Cleveland Browns,14,12,Cleveland Browns -3.5,38.0 (under),76,85,149,183
Dallas Cowboys,Philadelphia Eagles,7,20,Dallas Cowboys -1.0,43.0 (under),90,263,127,91
Oakland Raiders,San Diego Chargers,34,27,San Diego Chargers -4.0,45.0 (over),138,83,261,364
Oakland Raiders,Philadelphia Eagles,27,10,Philadelphia Eagles -3.0,37.5 (under),117,69,261,291
Buffalo Bills,New York Jets,31,27,New York Jets -3.0,33.0 (over),91,71,268,377
New York Giants,Philadelphia Eagles,27,21,Philadelphia Eagles -7.0,31.5 (over),183,93,96,154
Tampa Bay Buccaneers,Dallas Cowboys,0,38,Dallas Cowboys -8.0,37.0 (over),74,212,187,143
San Diego Chargers,Miami Dolphins,41,38,San Diego Chargers -2.5,43.0 (over),149,78,433,423
Buffalo Bills,Cincinnati Bengals,21,28,Cincinnati Bengals -6.0,41.0 (over),134,136,202,192
New York Giants,San Francisco 49ers,24,38,San Francisco 49ers -6.0,38.0 (over),65,135,290,304
San Diego Chargers,Cincinnati Bengals,7,27,Cincinnati Bengals -4.5,45.0 (under),128,143,185,175
Dallas Cowboys,San Francisco 49ers,27,28,Dallas Cowboys -3.0,42.0 (over),115,127,173,286
San Francisco 49ers,Cincinnati Bengals,26,21,San Francisco 49ers -1.0,48.0 (under),127,72,157,300
St. Louis Cardinals,Green Bay Packers,16,41,Green Bay Packers -4.5,37.5 (over),106,108,385,286
New England Patriots,Miami Dolphins,13,28,Miami Dolphins -7.5,36.0 (over),77,214,189,246
Cleveland Browns,Los Angeles Raiders,10,27,Los Angeles Raiders -8.5,44.5 (under),56,140,281,386
Detroit Lions,Washington Redskins,7,31,Washington Redskins -6.0,37.0 (over),95,175,298,210
Tampa Bay Buccaneers,Dallas Cowboys,17,30,Dallas Cowboys -8.0,38.5 (over),105,179,113,312
Atlanta Falcons,Minnesota Vikings,24,30,Minnesota Vikings -2.0,46.5 (over),120,125,134,253
New York Jets,Cincinnati Bengals,44,17,Cincinnati Bengals -4.0,44.5 (over),234,62,283,354
San Diego Chargers,Pittsburgh Steelers,31,28,Pittsburgh Steelers -1.0,53.0 (over),146,97,333,325
New York Jets,Los Angeles Raiders,17,14,Los Angeles Raiders -3.5,48.0 (under),139,93,277,266
Minnesota Vikings,Washington Redskins,7,21,Washington Redskins -6.0,43.5 (under),79,204,252,213
Green Bay Packers,Dallas Cowboys,26,37,Dallas Cowboys -7.0,48.0 (over),158,109,332,274
San Diego Chargers,Miami Dolphins,13,34,San Diego Chargers -1.5,53.0 (under),79,214,191,215
Dallas Cowboys,Washington Redskins,17,31,Dallas Cowboys -2.0,38.5 (over),65,137,275,150
New York Jets,Miami Dolphins,0,14,Miami Dolphins -1.0,38.5 (under),62,138,103,87
Washington Redskins,Miami Dolphins,27,17,Miami Dolphins -3.0,36.5 (over),276,96,143,97
Denver Broncos,Seattle Seahawks,7,31,Seattle Seahawks -3.5,44.0 (under),125,145,254,200
Los Angeles Rams,Dallas Cowboys,24,17,Dallas Cowboys -8.0,45.5 (under),94,63,163,330
Detroit Lions,San Francisco 49ers,23,24,San Francisco 49ers -7.5,41.0 (over),188,103,236,201
Seattle Seahawks,Miami Dolphins,27,20,Miami Dolphins -8.0,44.0 (over),151,128,192,193
Pittsburgh Steelers,Los Angeles Raiders,10,38,Los Angeles Raiders -7.0,43.0 (over),162,188,209,232
Los Angeles Rams,Washington Redskins,7,51,Washington Redskins -9.5,48.5 (over),51,130,175,315
Seattle Seahawks,Los Angeles Raiders,14,30,Los Angeles Raiders -7.0,47.0 (under),65,205,146,214
San Francisco 49ers,Washington Redskins,21,24,Washington Redskins -10.0,51.0 (under),87,172,347,265
Washington Redskins,Los Angeles Raiders,9,38,Washington Redskins -2.0,48.0 (under),90,231,243,172
Los Angeles Raiders,Seattle Seahawks,7,13,Los Angeles Raiders -1.5,40.0 (under),105,205,184,70
New York Giants,Los Angeles Rams,16,13,Los Angeles Rams -4.5,38.0 (under),40,107,179,109
Seattle Seahawks,Miami Dolphins,10,31,Miami Dolphins -5.5,45.0 (under),51,143,234,262
New York Giants,San Francisco 49ers,10,21,San Francisco 49ers -12.0,41.0 (under),87,131,218,309
Chicago Bears,Washington Redskins,23,19,Washington Redskins -9.0,38.0 (over),114,93,230,292
Pittsburgh Steelers,Denver Broncos,24,17,Denver Broncos -4.5,36.0 (over),169,51,224,236
Pittsburgh Steelers,Miami Dolphins,28,45,Miami Dolphins -10.0,44.0 (over),143,134,312,435
Chicago Bears,San Francisco 49ers,0,23,San Francisco 49ers -10.0,40.0 (under),149,159,87,236
San Francisco 49ers,Miami Dolphins,38,16,San Francisco 49ers -3.0,53.5 (over),211,25,331,318
New England Patriots,New York Jets,26,14,New York Jets -3.0,37.0 (over),99,58,179,233
San Francisco 49ers,New York Giants,3,17,San Francisco 49ers -3.0,41.0 (under),94,174,296,181
Cleveland Browns,Miami Dolphins,21,24,Miami Dolphins -10.5,45.0 (push),251,92,66,238
Dallas Cowboys,Los Angeles Rams,0,20,Los Angeles Rams -2.0,40.5 (under),61,269,217,50
New York Giants,Chicago Bears,0,21,Chicago Bears -9.0,36.0 (under),32,147,209,216
New England Patriots,Los Angeles Raiders,27,20,Los Angeles Raiders -5.5,40.0 (over),156,163,125,135
Los Angeles Rams,Chicago Bears,0,24,Chicago Bears -10.5,34.0 (under),86,91,66,164
New England Patriots,Miami Dolphins,31,14,Miami Dolphins -5.5,48.0 (under),255,68,71,248
New England Patriots,Chicago Bears,10,46,Chicago Bears -10.0,37.5 (over),7,167,177,256
Kansas City Chiefs,New York Jets,15,35,New York Jets -3.0,39.0 (over),67,165,177,153
Los Angeles Rams,Washington Redskins,7,19,Washington Redskins -4.5,40.0 (under),198,138,136,90
New York Jets,Cleveland Browns,20,23,Cleveland Browns -7.0,41.0 (over),104,75,237,494
Washington Redskins,Chicago Bears,27,13,Chicago Bears -7.0,34.0 (over),134,93,184,134
New England Patriots,Denver Broncos,17,22,Denver Broncos -4.0,43.0 (under),121,188,194,257
San Francisco 49ers,New York Giants,3,49,New York Giants -3.0,39.0 (over),29,216,162,159
Denver Broncos,Cleveland Browns,23,20,Cleveland Browns -3.0,38.0 (over),149,100,244,259
Washington Redskins,New York Giants,0,17,New York Giants -7.0,38.0 (under),40,117,195,90
New York Giants,Denver Broncos,39,20,New York Giants -9.0,41.0 (over),136,52,268,352
Minnesota Vikings,New Orleans Saints,44,10,New Orleans Saints -6.5,46.0 (over),210,53,249,104
Seattle Seahawks,Houston Oilers,20,23,Seattle Seahawks -2.5,45.0 (under),29,178,237,273
Indianapolis Colts,Cleveland Browns,21,38,Cleveland Browns -8.0,37.0 (over),63,175,266,229
Minnesota Vikings,San Francisco 49ers,36,24,San Francisco 49ers -11.0,47.0 (over),117,115,298,267
Houston Oilers,Denver Broncos,10,34,Denver Broncos -10.0,46.0 (under),73,61,264,259
Washington Redskins,Chicago Bears,21,17,Chicago Bears -4.5,38.0 (push),72,110,207,197
Cleveland Browns,Denver Broncos,33,38,Denver Broncos -3.0,45.0 (over),128,156,356,281
Minnesota Vikings,Washington Redskins,10,17,Washington Redskins -3.0,45.0 (under),76,161,243,119
Washington Redskins,Denver Broncos,42,10,Denver Broncos -3.5,47.0 (over),280,97,340,280
Houston Oilers,Cleveland Browns,24,23,Cleveland Browns -3.0,38.0 (over),129,68,213,192
Los Angeles Rams,Minnesota Vikings,17,28,Minnesota Vikings -5.5,42.0 (over),107,103,247,253
Philadelphia Eagles,Chicago Bears,12,20,Chicago Bears -5.5,38.0 (under),52,164,407,185
Seattle Seahawks,Cincinnati Bengals,13,21,Cincinnati Bengals -6.5,46.0 (under),18,254,297,108
Houston Oilers,Buffalo Bills,10,17,Buffalo Bills -3.5,37.0 (under),125,135,240,244
Minnesota Vikings,San Francisco 49ers,9,34,San Francisco 49ers -3.5,44.0 (under),54,201,255,177
Buffalo Bills,Cincinnati Bengals,10,21,Cincinnati Bengals -4.0,41.0 (under),45,175,163,94
San Francisco 49ers,Chicago Bears,28,3,San Francisco 49ers -2.0,35.0 (under),138,91,288,176
San Francisco 49ers,Cincinnati Bengals,20,16,San Francisco 49ers -6.0,46.0 (under),111,106,357,144
Pittsburgh Steelers,Houston Oilers,26,23,Houston Oilers -7.0,43.0 (over),177,65,127,315
Los Angeles Rams,Philadelphia Eagles,21,7,Philadelphia Eagles -3.0,39.0 (under),144,95,281,238
Buffalo Bills,Cleveland Browns,30,34,Cleveland Browns -3.5,36.0 (over),49,90,405,251
Minnesota Vikings,San Francisco 49ers,13,41,San Francisco 49ers -7.5,44.0 (over),86,162,338,241
Pittsburgh Steelers,Denver Broncos,23,24,Denver Broncos -10.0,38.0 (over),175,138,229,239
Los Angeles Rams,New York Giants,19,13,New York Giants -3.0,39.0 (under),146,171,315,180
Cleveland Browns,Denver Broncos,21,37,Denver Broncos -3.5,40.0 (over),66,120,210,385
Los Angeles Rams,San Francisco 49ers,3,30,San Francisco 49ers -7.0,46.0 (under),26,179,141,268
San Francisco 49ers,Denver Broncos,55,10,San Francisco 49ers -13.0,48.0 (over),144,64,317,136
Kansas City Chiefs,Miami Dolphins,16,17,Miami Dolphins -2.5,41.0 (under),103,98,269,221
Washington Redskins,Philadelphia Eagles,20,6,Philadelphia Eagles -4.5,40.0 (under),93,148,206,205
New Orleans Saints,Chicago Bears,6,16,Chicago Bears -6.5,32.0 (under),65,189,153,188
Houston Oilers,Cincinnati Bengals,14,41,Cincinnati Bengals -3.5,42.0 (over),67,187,165,162
Miami Dolphins,Buffalo Bills,34,44,Buffalo Bills -7.0,34.0 (over),107,154,323,339
Washington Redskins,San Francisco 49ers,10,28,San Francisco 49ers -8.0,41.0 (under),80,46,361,302
Chicago Bears,New York Giants,3,31,New York Giants -7.0,33.0 (over),27,194,205,112
Cincinnati Bengals,Los Angeles Raiders,10,20,Los Angeles Raiders -6.0,43.0 (under),124,235,104,172
Los Angeles Raiders,Buffalo Bills,3,51,Buffalo Bills -7.0,37.0 (over),151,202,176,300
New York Giants,San Francisco 49ers,15,13,San Francisco 49ers -8.0,37.0 (under),152,39,176,215
New York Giants,Buffalo Bills,20,19,Buffalo Bills -6.5,40.0 (under),172,166,222,212
Atlanta Falcons,New Orleans Saints,27,20,New Orleans Saints -6.0,39.0 (over),79,65,291,273
Los Angeles Raiders,Kansas City Chiefs,6,10,Kansas City Chiefs -5.0,36.0 (under),152,131,140,89
Dallas Cowboys,Chicago Bears,17,13,Chicago Bears -3.0,37.0 (under),108,150,180,233
New York Jets,Houston Oilers,10,17,Houston Oilers -9.0,44.0 (under),71,71,221,271
Houston Oilers,Denver Broncos,24,26,Denver Broncos -3.5,37.0 (over),97,151,325,267
Atlanta Falcons,Washington Redskins,7,24,Washington Redskins -11.5,43.0 (under),43,162,178,170
Kansas City Chiefs,Buffalo Bills,14,37,Buffalo Bills -10.5,41.0 (over),77,180,146,273
Dallas Cowboys,Detroit Lions,6,38,Pick,43.0 (over),97,84,205,341
Denver Broncos,Buffalo Bills,7,10,Buffalo Bills -12.0,46.0 (under),81,104,257,117
Detroit Lions,Washington Redskins,10,41,Washington Redskins -14.0,43.0 (over),72,117,264,228
Washington Redskins,Buffalo Bills,37,24,Washington Redskins -7.0,48.0 (over),125,43,292,286
Kansas City Chiefs,San Diego Chargers,0,17,San Diego Chargers -3.0,37.0 (under),61,192,233,199
Washington Redskins,Minnesota Vikings,24,7,Minnesota Vikings -3.5,37.0 (under),196,73,172,113
Houston Oilers,Buffalo Bills,38,41,Buffalo Bills -2.0,37.0 (over),82,98,371,289
Philadelphia Eagles,New Orleans Saints,36,20,New Orleans Saints -3.5,35.0 (over),136,76,219,291
Washington Redskins,San Francisco 49ers,13,20,San Francisco 49ers -9.5,39.0 (under),73,187,280,227
Buffalo Bills,Pittsburgh Steelers,24,3,Pittsburgh Steelers -2.0,36.0 (under),169,129,160,163
Philadelphia Eagles,Dallas Cowboys,10,34,Dallas Cowboys -6.5,38.0 (over),63,160,160,200
San Diego Chargers,Miami Dolphins,0,31,Miami Dolphins -2.0,37.0 (under),70,157,140,167
Dallas Cowboys,San Francisco 49ers,30,20,San Francisco 49ers -4.0,37.0 (over),121,114,322,313
Buffalo Bills,Miami Dolphins,29,10,Buffalo Bills -2.5,41.0 (under),182,33,177,268
Dallas Cowboys,Buffalo Bills,52,17,Dallas Cowboys -6.5,45.0 (over),137,108,273,276
Green Bay Packers,Detroit Lions,28,24,Detroit Lions -1.5,38.5 (over),89,175,204,248
Pittsburgh Steelers,Kansas City Chiefs,24,27,Kansas City Chiefs -7.5,36.0 (over),97,125,286,299
Minnesota Vikings,New York Giants,10,17,New York Giants -6.5,33.0 (under),79,176,192,94
Denver Broncos,Los Angeles Raiders,24,42,Los Angeles Raiders -2.0,41.0 (over),56,136,336,294
Los Angeles Raiders,Buffalo Bills,23,29,Buffalo Bills -7.0,33.5 (over),110,75,230,287
New York Giants,San Francisco 49ers,3,44,San Francisco 49ers -8.0,41.5 (over),41,178,180,241
Green Bay Packers,Dallas Cowboys,17,27,Dallas Cowboys -13.5,42.0 (over),31,97,331,302
Kansas City Chiefs,Houston Oilers,28,20,Houston Oilers -7.0,41.5 (over),71,39,299,306
Kansas City Chiefs,Buffalo Bills,13,30,Buffalo Bills -3.0,39.0 (over),52,229,323,160
San Francisco 49ers,Dallas Cowboys,21,38,Dallas Cowboys -3.0,48.0 (over),84,124,287,260
Dallas Cowboys,Buffalo Bills,30,13,Dallas Cowboys -10.5,50.0 (under),137,87,207,260
Detroit Lions,Green Bay Packers,12,16,Green Bay Packers -4.5,40.0 (under),-4,81,199,262
Kansas City Chiefs,Miami Dolphins,17,27,Miami Dolphins -3.0,45.0 (under),100,132,314,257
Chicago Bears,Minnesota Vikings,35,18,Minnesota Vikings -6.0,38.0 (over),94,49,221,351
New England Patriots,Cleveland Browns,13,20,Cleveland Browns -3.0,35.5 (under),57,125,256,268
Cleveland Browns,Pittsburgh Steelers,9,29,Pittsburgh Steelers -3.5,32.5 (over),55,238,144,186
Chicago Bears,San Francisco 49ers,15,44,San Francisco 49ers -15.5,46.5 (over),39,145,239,190
Green Bay Packers,Dallas Cowboys,9,35,Dallas Cowboys -10.0,43.0 (over),99,120,236,337
Miami Dolphins,San Diego Chargers,21,22,San Diego Chargers -3.0,46.0 (under),26,202,262,276
San Diego Chargers,Pittsburgh Steelers,17,13,Pittsburgh Steelers -6.0,35.0 (under),66,66,165,349
Dallas Cowboys,San Francisco 49ers,28,38,San Francisco 49ers -7.0,48.0 (over),99,139,380,155
San Francisco 49ers,San Diego Chargers,49,26,San Francisco 49ers -19.0,52.0 (over),139,67,331,305
Miami Dolphins,Buffalo Bills,22,37,Buffalo Bills -3.5,42.5 (over),70,341,432,195
Detroit Lions,Philadelphia Eagles,37,58,Detroit Lions -3.0,42.0 (over),72,189,361,270
Indianapolis Colts,San Diego Chargers,35,20,San Diego Chargers -5.5,40.0 (over),178,145,175,292
Atlanta Falcons,Green Bay Packers,20,37,Green Bay Packers -9.5,44.0 (over),21,117,366,199
Buffalo Bills,Pittsburgh Steelers,21,40,Pittsburgh Steelers -6.0,42.0 (over),94,147,162,262
Green Bay Packers,San Francisco 49ers,27,17,San Francisco 49ers -9.5,52.0 (under),74,87,299,328
Philadelphia Eagles,Dallas Cowboys,11,30,Dallas Cowboys -13.5,45.5 (under),74,153,189,253
Indianapolis Colts,Kansas City Chiefs,10,7,Kansas City Chiefs -8.0,41.5 (under),147,129,112,152
Green Bay Packers,Dallas Cowboys,27,38,Dallas Cowboys -9.0,50.5 (over),48,169,307,255
Indianapolis Colts,Pittsburgh Steelers,16,20,Pittsburgh Steelers -11.0,43.0 (under),83,80,267,205
Pittsburgh Steelers,Dallas Cowboys,17,27,Dallas Cowboys -13.5,51.0 (under),103,56,239,209
Minnesota Vikings,Dallas Cowboys,15,40,Dallas Cowboys -10.0,40.0 (over),63,255,208,192
Jacksonville Jaguars,Buffalo Bills,30,27,Buffalo Bills -8.5,38.0 (over),184,92,239,246
Indianapolis Colts,Pittsburgh Steelers,14,42,Pittsburgh Steelers -8.0,37.0 (over),41,231,140,176
Philadelphia Eagles,San Francisco 49ers,0,14,San Francisco 49ers -10.5,42.0 (under),71,118,225,161
San Francisco 49ers,Green Bay Packers,14,35,Green Bay Packers -5.0,41.5 (over),68,139,133,79
Jacksonville Jaguars,Denver Broncos,30,27,Denver Broncos -12.5,43.5 (over),203,126,245,226
Dallas Cowboys,Carolina Panthers,17,26,Dallas Cowboys -3.5,37.5 (over),96,127,165,100
Pittsburgh Steelers,New England Patriots,3,28,New England Patriots -3.0,41.5 (under),123,194,110,167
Carolina Panthers,Green Bay Packers,13,30,Green Bay Packers -12.0,39.0 (over),45,201,215,292
Jacksonville Jaguars,New England Patriots,6,20,New England Patriots -7.5,44.0 (under),101,73,190,178
New England Patriots,Green Bay Packers,21,35,Green Bay Packers -14.0,52.0 (over),43,115,253,246
Jacksonville Jaguars,Denver Broncos,17,42,Denver Broncos -6.5,45.5 (over),50,310,203,223
Minnesota Vikings,New York Giants,23,22,New York Giants -4.5,38.0 (over),106,76,203,199
Miami Dolphins,New England Patriots,3,17,New England Patriots -5.0,41.5 (under),42,108,141,139
Detroit Lions,Tampa Bay Buccaneers,10,20,Tampa Bay Buccaneers -3.0,38.5 (under),109,141,207,181
New England Patriots,Pittsburgh Steelers,6,7,Pittsburgh Steelers -6.0,42.0 (under),36,145,264,134
Minnesota Vikings,San Francisco 49ers,22,38,San Francisco 49ers -11.5,42.0 (over),57,175,331,224
Tampa Bay Buccaneers,Green Bay Packers,7,21,Green Bay Packers -13.0,38.0 (under),90,118,200,190
Denver Broncos,Kansas City Chiefs,14,10,Pick,41.0 (under),109,77,170,260
Green Bay Packers,San Francisco 49ers,23,10,Green Bay Packers -1.5,43.5 (under),106,33,222,250
Denver Broncos,Pittsburgh Steelers,24,21,Pittsburgh Steelers -1.0,41.0 (over),150,161,210,201
Green Bay Packers,Denver Broncos,24,31,Green Bay Packers -11.0,50.0 (over),95,179,256,123
Arizona Cardinals,Dallas Cowboys,20,7,Dallas Cowboys -7.0,42.0 (under),133,96,213,191
Buffalo Bills,Miami Dolphins,17,24,Miami Dolphins -2.5,43.0 (under),77,117,360,235
New England Patriots,Jacksonville Jaguars,10,25,Jacksonville Jaguars -8.5,41.0 (under),35,160,190,161
Green Bay Packers,San Francisco 49ers,27,30,San Francisco 49ers -3.0,49.5 (over),121,178,292,182
San Francisco 49ers,Atlanta Falcons,18,20,Atlanta Falcons -3.5,53.0 (under),46,136,289,169
Miami Dolphins,Denver Broncos,3,38,Denver Broncos -13.5,48.0 (under),14,250,243,182
Arizona Cardinals,Minnesota Vikings,21,41,Minnesota Vikings -16.5,52.5 (over),74,188,242,236
Jacksonville Jaguars,New York Jets,24,34,New York Jets -9.0,43.0 (over),95,151,156,284
Atlanta Falcons,Minnesota Vikings,30,27,Minnesota Vikings -11.0,55.5 (over),110,102,340,266
New York Jets,Denver Broncos,10,23,Denver Broncos -9.0,50.5 (under),14,178,356,173
Denver Broncos,Atlanta Falcons,34,19,Denver Broncos -7.5,52.0 (over),121,131,336,219
Buffalo Bills,Tennessee Titans,16,22,Tennessee Titans -5.0,39.0 (under),123,139,131,76
Detroit Lions,Washington Redskins,13,27,Washington Redskins -6.0,46.0 (under),45,223,251,174
Miami Dolphins,Seattle Seahawks,20,17,Seattle Seahawks -3.5,39.0 (under),108,41,196,162
Dallas Cowboys,Minnesota Vikings,10,27,Minnesota Vikings -7.0,46.5 (under),111,175,286,212
Miami Dolphins,Jacksonville Jaguars,7,62,Jacksonville Jaguars -8.0,37.5 (over),21,257,141,277
Washington Redskins,Tampa Bay Buccaneers,13,14,Tampa Bay Buccaneers -4.5,38.0 (under),46,44,149,157
Minnesota Vikings,St. Louis Rams,37,49,St. Louis Rams -7.0,52.0 (over),87,31,423,391
Tennessee Titans,Indianapolis Colts,19,16,Indianapolis Colts -5.5,46.5 (under),197,78,112,227
Tampa Bay Buccaneers,St. Louis Rams,6,11,St. Louis Rams -14.0,46.0 (under),77,51,163,258
Tennessee Titans,Jacksonville Jaguars,33,14,Jacksonville Jaguars -7.0,39.5 (over),177,144,112,226
St. Louis Rams,Tennessee Titans,23,16,St. Louis Rams -7.0,48.0 (under),29,159,414,214
Indianapolis Colts,Miami Dolphins,17,23,Indianapolis Colts -1.5,42.0 (under),99,258,194,185
St. Louis Rams,New Orleans Saints,28,31,St. Louis Rams -5.5,55.0 (over),34,50,365,266
Tampa Bay Buccaneers,Philadelphia Eagles,3,21,Tampa Bay Buccaneers -3.0,34.0 (under),50,126,171,161
Denver Broncos,Baltimore Ravens,3,21,Baltimore Ravens -3.5,41.0 (under),42,122,178,130
New Orleans Saints,Minnesota Vikings,16,34,Minnesota Vikings -8.0,49.5 (over),69,127,295,302
Miami Dolphins,Oakland Raiders,0,27,Oakland Raiders -9.0,42.0 (under),40,140,176,143
Philadelphia Eagles,New York Giants,10,20,New York Giants -4.5,33.5 (under),46,112,181,125
Baltimore Ravens,Tennessee Titans,24,10,Tennessee Titans -6.0,34.0 (push),49,126,117,195
Minnesota Vikings,New York Giants,0,41,Minnesota Vikings -1.0,41.5 (under),54,138,78,385
Baltimore Ravens,Oakland Raiders,16,3,Oakland Raiders -6.0,38.0 (under),110,24,190,187
Baltimore Ravens,New York Giants,34,7,Baltimore Ravens -3.0,33.0 (over),111,66,153,112
Tampa Bay Buccaneers,Philadelphia Eagles,9,31,Philadelphia Eagles -3.5,33.0 (over),63,148,202,194
New York Jets,Oakland Raiders,24,38,Oakland Raiders -4.5,42.0 (over),145,215,268,294
San Francisco 49ers,Green Bay Packers,15,25,Green Bay Packers -3.5,39.0 (over),71,106,233,269
Baltimore Ravens,Miami Dolphins,20,3,Miami Dolphins -2.5,33.0 (under),226,46,133,122
Oakland Raiders,New England Patriots,13,16,New England Patriots -3.0,41.5 (under),77,68,159,312
Philadelphia Eagles,Chicago Bears,33,19,Chicago Bears -3.0,32.5 (over),87,111,262,89
Baltimore Ravens,Pittsburgh Steelers,10,27,Pittsburgh Steelers -5.5,32.0 (over),22,154,153,154
Green Bay Packers,St. Louis Rams,17,45,St. Louis Rams -11.0,54.5 (over),118,91,281,216
New England Patriots,Pittsburgh Steelers,24,17,Pittsburgh Steelers -10.0,35.5 (over),67,58,217,255
Philadelphia Eagles,St. Louis Rams,24,29,St. Louis Rams -11.0,51.0 (over),110,161,171,212
St. Louis Rams,New England Patriots,17,20,St. Louis Rams -14.0,52.5 (under),90,133,365,145
Atlanta Falcons,Green Bay Packers,27,7,Green Bay Packers -6.5,40.5 (under),192,56,117,247
Indianapolis Colts,New York Jets,0,41,New York Jets -6.0,42.0 (under),52,180,137,222
Cleveland Browns,Pittsburgh Steelers,33,36,Pittsburgh Steelers -8.0,43.0 (over),38,89,429,367
New York Giants,San Francisco 49ers,38,39,San Francisco 49ers -3.0,41.0 (over),119,90,342,356
Pittsburgh Steelers,Tennessee Titans,31,34,Tennessee Titans -4.5,44.0 (over),67,99,266,338
Atlanta Falcons,Philadelphia Eagles,6,20,Philadelphia Eagles -7.5,38.5 (under),93,91,288,247
New York Jets,Oakland Raiders,10,30,Oakland Raiders -5.5,47.0 (under),120,127,183,283
San Francisco 49ers,Tampa Bay Buccaneers,6,31,Tampa Bay Buccaneers -6.0,39.5 (under),62,121,193,217
Tennessee Titans,Oakland Raiders,24,41,Oakland Raiders -9.0,46.0 (over),138,89,194,286
Tampa Bay Buccaneers,Philadelphia Eagles,27,10,Philadelphia Eagles -4.0,33.5 (over),49,80,259,243
Tampa Bay Buccaneers,Oakland Raiders,48,21,Oakland Raiders -3.5,44.0 (over),150,19,215,272
Dallas Cowboys,Carolina Panthers,10,29,Carolina Panthers -3.0,34.0 (over),72,107,154,273
Tennessee Titans,Baltimore Ravens,20,17,Tennessee Titans -1.0,38.0 (under),165,54,159,214
Denver Broncos,Indianapolis Colts,10,41,Indianapolis Colts -3.0,49.0 (over),146,85,181,394
Seattle Seahawks,Green Bay Packers,27,33,Green Bay Packers -7.5,43.5 (over),49,78,305,319
Tennessee Titans,New England Patriots,14,17,New England Patriots -6.0,34.0 (under),84,96,210,201
Carolina Panthers,St. Louis Rams,29,23,St. Louis Rams -7.0,46.0 (over),216,64,290,332
Green Bay Packers,Philadelphia Eagles,17,20,Philadelphia Eagles -4.0,43.0 (under),210,164,180,248
Indianapolis Colts,Kansas City Chiefs,38,31,Kansas City Chiefs -3.0,53.0 (over),142,196,304,212
Indianapolis Colts,New England Patriots,14,24,New England Patriots -3.5,42.0 (under),98,112,237,237
Carolina Panthers,Philadelphia Eagles,14,3,Philadelphia Eagles -4.0,36.5 (under),155,137,101,188
New England Patriots,Carolina Panthers,32,29,New England Patriots -7.0,38.0 (over),127,92,354,323
New York Jets,San Diego Chargers,20,17,San Diego Chargers -6.5,42.5 (under),126,100,279,319
St. Louis Rams,Seattle Seahawks,27,20,Seattle Seahawks -4.0,51.0 (under),102,81,313,341
Denver Broncos,Indianapolis Colts,24,49,Indianapolis Colts -10.0,56.0 (over),78,76,284,458
Minnesota Vikings,Green Bay Packers,31,17,Green Bay Packers -6.0,52.5 (under),123,105,284,216
St. Louis Rams,Atlanta Falcons,17,47,Atlanta Falcons -6.5,49.0 (over),77,327,299,84
New York Jets,Pittsburgh Steelers,17,20,Pittsburgh Steelers -9.0,35.5 (over),110,193,182,181
Indianapolis Colts,New England Patriots,3,20,New England Patriots -1.0,51.0 (under),46,210,238,144
Minnesota Vikings,Philadelphia Eagles,14,27,Philadelphia Eagles -8.0,47.0 (under),97,109,316,286
New England Patriots,Pittsburgh Steelers,41,27,New England Patriots -3.0,36.5 (over),126,163,207,226
Atlanta Falcons,Philadelphia Eagles,10,27,Philadelphia Eagles -6.0,37.0 (push),99,156,136,183
Philadelphia Eagles,New England Patriots,21,24,New England Patriots -7.0,47.0 (under),45,112,357,236
Jacksonville Jaguars,New England Patriots,3,28,New England Patriots -8.0,37.5 (under),87,118,247,201
Washington Redskins,Tampa Bay Buccaneers,17,10,Tampa Bay Buccaneers -2.5,37.5 (under),95,75,41,198
Carolina Panthers,New York Giants,23,0,New York Giants -3.0,43.5 (under),223,41,140,113
Pittsburgh Steelers,Cincinnati Bengals,31,17,Pittsburgh Steelers -3.0,44.0 (over),144,84,208,263
New England Patriots,Denver Broncos,13,27,Denver Broncos -3.0,44.0 (under),79,96,341,197
Washington Redskins,Seattle Seahawks,10,20,Seattle Seahawks -8.5,41.0 (under),59,119,242,215
Carolina Panthers,Chicago Bears,29,21,Chicago Bears -3.0,31.0 (over),123,97,319,192
Pittsburgh Steelers,Indianapolis Colts,21,18,Indianapolis Colts -8.5,46.5 (under),112,58,197,290
Carolina Panthers,Seattle Seahawks,14,34,Seattle Seahawks -5.5,43.0 (over),36,190,196,219
Pittsburgh Steelers,Denver Broncos,34,17,Denver Broncos -3.5,41.0 (over),90,97,275,223
Seattle Seahawks,Pittsburgh Steelers,10,21,Pittsburgh Steelers -4.0,47.0 (under),137,181,273,166
Kansas City Chiefs,Indianapolis Colts,8,23,Indianapolis Colts -6.5,51.0 (under),44,188,107,252
Dallas Cowboys,Seattle Seahawks,20,21,Seattle Seahawks -2.0,48.5 (under),116,92,189,240
New York Jets,New England Patriots,16,37,New England Patriots -9.0,38.5 (over),70,158,299,212
New York Giants,Philadelphia Eagles,20,23,Philadelphia Eagles -6.0,46.5 (under),151,185,161,153
Philadelphia Eagles,New Orleans Saints,24,27,New Orleans Saints -4.5,48.5 (over),123,208,240,243
Indianapolis Colts,Baltimore Ravens,15,6,Baltimore Ravens -4.0,41.0 (under),100,83,170,173
Seattle Seahawks,Chicago Bears,24,27,Chicago Bears -8.5,37.5 (over),127,120,195,282
New England Patriots,San Diego Chargers,24,21,San Diego Chargers -5.0,46.5 (under),51,148,280,230
New Orleans Saints,Chicago Bears,14,39,Chicago Bears -3.0,43.0 (over),56,196,354,144
New England Patriots,Indianapolis Colts,34,38,Indianapolis Colts -3.0,47.0 (over),93,125,232,349
Indianapolis Colts,Chicago Bears,29,17,Indianapolis Colts -6.5,47.0 (under),191,111,247,165
Jacksonville Jaguars,Pittsburgh Steelers,31,29,Jacksonville Jaguars -2.5,40.0 (over),135,43,140,337
Washington Redskins,Seattle Seahawks,14,35,Seattle Seahawks -3.5,38.5 (over),75,77,266,229
New York Giants,Tampa Bay Buccaneers,24,14,Tampa Bay Buccaneers -3.0,39.5 (under),100,69,185,207
Tennessee Titans,San Diego Chargers,6,17,San Diego Chargers -10.0,39.0 (under),119,68,138,292
Seattle Seahawks,Green Bay Packers,20,42,Green Bay Packers -7.5,44.0 (over),28,235,194,173
Jacksonville Jaguars,New England Patriots,20,31,New England Patriots -13.5,51.5 (under),80,145,278,262
New York Giants,Dallas Cowboys,21,17,Dallas Cowboys -7.0,47.5 (under),90,154,163,201
San Diego Chargers,Indianapolis Colts,28,24,Indianapolis Colts -11.0,47.0 (over),99,44,312,402
San Diego Chargers,New England Patriots,12,21,New England Patriots -14.0,48.0 (under),104,149,211,209
New York Giants,Green Bay Packers,23,20,Green Bay Packers -7.5,41.5 (over),134,28,251,236
New York Giants,New England Patriots,17,14,New England Patriots -12.5,54.5 (under),91,45,255,266
Atlanta Falcons,Arizona Cardinals,24,30,Arizona Cardinals -2.0,52.0 (over),60,86,199,271
Indianapolis Colts,San Diego Chargers,17,23,Indianapolis Colts -2.5,50.0 (under),64,167,310,217
Philadelphia Eagles,Minnesota Vikings,26,14,Philadelphia Eagles -3.5,41.0 (under),67,148,300,164
Baltimore Ravens,Miami Dolphins,27,9,Baltimore Ravens -3.5,38.0 (under),151,52,135,252
Arizona Cardinals,Carolina Panthers,33,13,Carolina Panthers -10.0,49.5 (under),145,75,220,205
Baltimore Ravens,Tennessee Titans,13,10,Tennessee Titans -3.0,33.5 (under),50,116,161,281
San Diego Chargers,Pittsburgh Steelers,24,35,Pittsburgh Steelers -6.5,38.5 (over),15,165,308,181
Philadelphia Eagles,New York Giants,23,11,New York Giants -4.0,39.0 (under),59,138,217,169
Baltimore Ravens,Pittsburgh Steelers,14,23,Pittsburgh Steelers -6.0,35.5 (over),73,52,141,255
Philadelphia Eagles,Arizona Cardinals,25,32,Philadelphia Eagles -3.5,47.0 (over),97,102,375,279
Pittsburgh Steelers,Arizona Cardinals,27,23,Pittsburgh Steelers -6.5,46.5 (over),58,33,256,377
Philadelphia Eagles,Dallas Cowboys,14,34,Dallas Cowboys -3.5,46.0 (over),56,198,306,244
New York Jets,Cincinnati Bengals,24,14,Cincinnati Bengals -2.5,34.5 (over),171,171,182,146
Green Bay Packers,Arizona Cardinals,45,51,Green Bay Packers -2.5,48.0 (over),89,156,423,379
Baltimore Ravens,New England Patriots,33,14,New England Patriots -4.0,44.0 (over),234,64,34,154
Baltimore Ravens,Indianapolis Colts,3,20,Indianapolis Colts -6.5,44.0 (under),87,42,189,246
Arizona Cardinals,New Orleans Saints,14,45,New Orleans Saints -7.0,57.0 (over),101,171,266,247
Dallas Cowboys,Minnesota Vikings,3,34,Minnesota Vikings -2.5,45.0 (under),92,109,198,234
New York Jets,San Diego Chargers,17,14,San Diego Chargers -9.0,42.5 (under),169,61,100,298
New York Jets,Indianapolis Colts,17,30,Indianapolis Colts -8.5,40.5 (over),86,101,302,377
Minnesota Vikings,New Orleans Saints,28,31,New Orleans Saints -3.5,54.0 (over),165,68,310,197
New Orleans Saints,Indianapolis Colts,31,17,Indianapolis Colts -4.5,56.5 (under),51,99,288,333
New York Jets,Indianapolis Colts,17,16,Indianapolis Colts -2.0,44.5 (under),169,93,189,225
New Orleans Saints,Seattle Seahawks,36,41,New Orleans Saints -10.0,46.0 (over),77,150,404,272
Green Bay Packers,Philadelphia Eagles,21,16,Philadelphia Eagles -2.5,47.0 (under),138,81,180,292
Baltimore Ravens,Kansas City Chiefs,30,7,Baltimore Ravens -3.0,41.0 (under),142,108,265,70
Baltimore Ravens,Pittsburgh Steelers,24,31,Pittsburgh Steelers -3.0,37.0 (over),35,71,125,226
Green Bay Packers,Atlanta Falcons,48,21,Atlanta Falcons -1.5,43.5 (over),96,45,366,186
Seattle Seahawks,Chicago Bears,24,35,Chicago Bears -10.0,43.0 (over),34,176,258,274
New York Jets,New England Patriots,28,21,New England Patriots -9.5,45.0 (over),120,113,194,299
New York Jets,Pittsburgh Steelers,19,24,Pittsburgh Steelers -4.0,38.0 (over),70,166,233,133
Green Bay Packers,Chicago Bears,21,14,Green Bay Packers -3.5,42.5 (under),120,83,244,233
Pittsburgh Steelers,Green Bay Packers,25,31,Green Bay Packers -3.0,45.0 (over),126,50,263,304
Cincinnati Bengals,Houston Texans,10,31,Houston Texans -4.0,38.0 (over),76,188,257,159
Detroit Lions,New Orleans Saints,28,45,New Orleans Saints -10.5,60.0 (over),32,167,380,466
Pittsburgh Steelers,Denver Broncos,23,29,Pittsburgh Steelers -7.5,34.0 (over),156,131,289,316
Atlanta Falcons,New York Giants,2,24,New York Giants -3.0,48.0 (under),64,172,199,277
Denver Broncos,New England Patriots,10,45,New England Patriots -13.5,50.0 (over),144,146,136,363
New Orleans Saints,San Francisco 49ers,32,36,New Orleans Saints -3.5,47.0 (over),37,143,462,299
Houston Texans,Baltimore Ravens,13,20,Baltimore Ravens -8.0,37.5 (under),131,87,184,176
New York Giants,Green Bay Packers,37,20,Green Bay Packers -8.0,54.5 (over),95,147,330,264
Baltimore Ravens,New England Patriots,20,23,New England Patriots -7.0,50.0 (under),116,96,306,239
New York Giants,San Francisco 49ers,20,17,San Francisco 49ers -2.0,41.5 (under),85,150,316,196
New York Giants,New England Patriots,21,17,New England Patriots -3.0,53.5 (under),114,83,296,276
Minnesota Vikings,Green Bay Packers,10,24,Green Bay Packers -11.0,44.5 (under),167,76,180,274
Cincinnati Bengals,Houston Texans,13,19,Houston Texans -4.0,42.5 (under),80,158,127,262
Indianapolis Colts,Baltimore Ravens,9,24,Baltimore Ravens -7.0,47.0 (under),152,170,288,282
Seattle Seahawks,Washington Redskins,24,14,Seattle Seahawks -3.0,45.0 (under),224,104,187,115
Green Bay Packers,San Francisco 49ers,31,45,San Francisco 49ers -3.0,45.5 (over),104,323,257,263
Baltimore Ravens,Denver Broncos,38,35,Denver Broncos -9.0,44.5 (over),155,125,331,290
Seattle Seahawks,Atlanta Falcons,28,30,Atlanta Falcons -3.0,47.0 (over),123,167,385,250
Houston Texans,New England Patriots,28,41,New England Patriots -9.5,51.0 (over),91,122,343,344
San Francisco 49ers,Atlanta Falcons,28,24,San Francisco 49ers -4.5,49.0 (over),149,81,233,396
Baltimore Ravens,New England Patriots,28,13,New England Patriots -7.5,51.5 (under),121,108,240,320
San Francisco 49ers,Baltimore Ravens,31,34,San Francisco 49ers -4.5,48.0 (over),182,93,302,287
Kansas City Chiefs,Indianapolis Colts,44,45,Kansas City Chiefs -2.5,48.0 (over),150,100,378,443
New Orleans Saints,Philadelphia Eagles,26,24,Philadelphia Eagles -3.0,54.5 (under),185,80,250,195
San Diego Chargers,Cincinnati Bengals,27,10,Cincinnati Bengals -6.0,47.5 (under),196,113,128,334
San Francisco 49ers,Green Bay Packers,23,20,San Francisco 49ers -3.0,46.5 (under),167,124,227,177
Indianapolis Colts,New England Patriots,22,43,New England Patriots -7.0,51.0 (over),69,234,331,198
New Orleans Saints,Seattle Seahawks,15,23,Seattle Seahawks -9.0,44.0 (under),108,174,309,103
San Diego Chargers,Denver Broncos,17,24,Denver Broncos -7.5,55.0 (under),65,133,217,230
San Francisco 49ers,Carolina Panthers,23,10,San Francisco 49ers -1.0,41.0 (under),126,93,196,267
New England Patriots,Denver Broncos,16,26,Denver Broncos -5.0,56.5 (under),64,107,277,400
San Francisco 49ers,Seattle Seahawks,17,23,Seattle Seahawks -4.0,40.5 (under),161,115,153,215
Seattle Seahawks,Denver Broncos,43,8,Denver Broncos -2.5,47.5 (over),135,27,206,280
Arizona Cardinals,Carolina Panthers,16,27,Carolina Panthers -6.5,37.5 (over),27,188,82,198
Baltimore Ravens,Pittsburgh Steelers,30,17,Pittsburgh Steelers -3.0,45.0 (over),53,68,259,356
Cincinnati Bengals,Indianapolis Colts,10,26,Indianapolis Colts -3.0,48.0 (under),110,114,155,376
Detroit Lions,Dallas Cowboys,20,24,Dallas Cowboys -6.5,48.5 (under),90,73,323,293
Baltimore Ravens,New England Patriots,31,35,New England Patriots -7.0,47.5 (over),136,14,292,418
Carolina Panthers,Seattle Seahawks,17,31,Seattle Seahawks -11.5,39.5 (over),132,100,246,268
Dallas Cowboys,Green Bay Packers,21,26,Green Bay Packers -6.0,51.5 (under),145,119,191,316
Indianapolis Colts,Denver Broncos,24,13,Denver Broncos -7.0,53.5 (under),99,88,265,211
Indianapolis Colts,New England Patriots,7,45,New England Patriots -7.0,52.0 (push),83,177,126,226
Green Bay Packers,Seattle Seahawks,22,28,Seattle Seahawks -8.5,45.0 (over),135,194,178,228
Seattle Seahawks,New England Patriots,24,28,Pick,47.0 (over),162,57,247,328
Kansas City Chiefs,Houston Texans,30,0,Kansas City Chiefs -3.0,40.0 (under),141,114,190,136
Pittsburgh Steelers,Cincinnati Bengals,18,16,Pittsburgh Steelers -3.0,45.0 (under),167,91,240,212
Green Bay Packers,Washington Redskins,35,18,Washington Redskins -1.0,46.0 (over),141,84,210,329
Seattle Seahawks,Minnesota Vikings,10,9,Seattle Seahawks -4.5,40.0 (under),97,58,142,146
Green Bay Packers,Arizona Cardinals,20,26,Arizona Cardinals -7.0,49.0 (under),135,40,261,349
Kansas City Chiefs,New England Patriots,20,27,New England Patriots -4.5,43.0 (over),135,38,246,302
Seattle Seahawks,Carolina Panthers,24,31,Carolina Panthers -2.5,44.0 (over),78,144,366,161
Pittsburgh Steelers,Denver Broncos,16,23,Denver Broncos -7.5,41.0 (under),85,109,339,222
Arizona Cardinals,Carolina Panthers,15,49,Carolina Panthers -3.0,47.5 (over),60,152,235,335
New England Patriots,Denver Broncos,18,20,New England Patriots -3.0,44.5 (under),44,99,310,176
Denver Broncos,Carolina Panthers,24,10,Carolina Panthers -5.0,44.0 (under),90,118,141,265
Oakland Raiders,Houston Texans,14,27,Houston Texans -4.0,38.0 (over),64,123,161,168
Detroit Lions,Seattle Seahawks,6,26,Seattle Seahawks -8.0,45.5 (under),49,177,205,224
New York Giants,Green Bay Packers,13,38,Green Bay Packers -5.0,46.5 (over),70,75,299,362
Miami Dolphins,Pittsburgh Steelers,12,30,Pittsburgh Steelers -11.0,47.5 (under),52,179,289,197
Seattle Seahawks,Atlanta Falcons,20,36,Atlanta Falcons -6.5,51.0 (over),101,99,225,338
Houston Texans,New England Patriots,16,34,New England Patriots -16.0,44.0 (over),105,98,197,287
Green Bay Packers,Dallas Cowboys,34,31,Dallas Cowboys -5.5,52.5 (over),87,138,355,302
Pittsburgh Steelers,Kansas City Chiefs,18,16,Kansas City Chiefs -2.5,45.5 (under),171,61,224,172
Green Bay Packers,Atlanta Falcons,21,44,Atlanta Falcons -6.5,59.5 (over),99,101,287,392
Pittsburgh Steelers,New England Patriots,17,36,New England Patriots -5.5,50.0 (over),54,57,314,384
New England Patriots,Atlanta Falcons,34,28,New England Patriots -3.0,57.0 (over),104,104,466,284
Atlanta Falcons,Los Angeles Rams,26,13,Los Angeles Rams -6.5,48.0 (under),124,115,218,259
Tennessee Titans,Kansas City Chiefs,22,21,Kansas City Chiefs -8.5,44.0 (under),202,69,205,264
Buffalo Bills,Jacksonville Jaguars,3,10,Jacksonville Jaguars -8.0,39.5 (under),130,155,148,87
Carolina Panthers,New Orleans Saints,26,31,New Orleans Saints -6.5,47.5 (over),107,41,349,376
Tennessee Titans,New England Patriots,14,35,New England Patriots -13.5,48.5 (over),65,101,254,337
Atlanta Falcons,Philadelphia Eagles,10,15,Atlanta Falcons -2.5,40.0 (under),86,96,210,246
New Orleans Saints,Minnesota Vikings,24,29,Minnesota Vikings -5.5,46.5 (over),80,95,294,318
Jacksonville Jaguars,Pittsburgh Steelers,45,42,Pittsburgh Steelers -7.0,40.5 (over),164,83,214,469
Jacksonville Jaguars,New England Patriots,20,24,New England Patriots -7.5,46.0 (under),101,46,293,310
Minnesota Vikings,Philadelphia Eagles,7,38,Minnesota Vikings -3.0,39.0 (over),70,110,271,352
Philadelphia Eagles,New England Patriots,41,33,New England Patriots -4.5,48.5 (over),164,113,374,505
Indianapolis Colts,Houston Texans,21,7,Houston Texans -2.0,48.5 (under),200,105,222,235
Seattle Seahawks,Dallas Cowboys,22,24,Dallas Cowboys -2.5,43.0 (over),73,164,233,226
Philadelphia Eagles,Chicago Bears,16,15,Chicago Bears -6.5,41.5 (under),42,65,266,303
Los Angeles Chargers,Baltimore Ravens,23,17,Baltimore Ravens -3.0,43.0 (under),89,90,160,194
Indianapolis Colts,Kansas City Chiefs,13,31,Kansas City Chiefs -4.0,54.0 (under),87,180,203,278
Dallas Cowboys,Los Angeles Rams,22,30,Los Angeles Rams -7.5,48.0 (over),50,273,266,186
Philadelphia Eagles,New Orleans Saints,14,20,New Orleans Saints -8.5,52.0 (under),49,137,201,301
Los Angeles Chargers,New England Patriots,28,41,New England Patriots -3.5,47.5 (over),19,155,331,343
New England Patriots,Kansas City Chiefs,37,31,Kansas City Chiefs -3.0,56.0 (over),176,41,348,295
Los Angeles Rams,New Orleans Saints,26,23,New Orleans Saints -3.0,55.5 (under),77,48,309,249
Los Angeles Rams,New England Patriots,3,13,New England Patriots -2.0,55.5 (under),62,154,229,262
Buffalo Bills,Houston Texans,19,22,Houston Texans -2.5,43.0 (under),172,141,280,247
Tennessee Titans,New England Patriots,20,13,New England Patriots -4.5,45.0 (under),201,98,76,209
Minnesota Vikings,New Orleans Saints,26,20,New Orleans Saints -7.5,50.0 (under),136,97,242,258
Seattle Seahawks,Philadelphia Eagles,17,9,Philadelphia Eagles -1.0,44.0 (under),64,120,325,177
Minnesota Vikings,San Francisco 49ers,10,27,San Francisco 49ers -7.0,44.5 (under),21,186,172,131
Tennessee Titans,Baltimore Ravens,28,12,Baltimore Ravens -10.0,47.5 (under),217,185,91,365
Houston Texans,Kansas City Chiefs,31,51,Kansas City Chiefs -10.0,50.5 (over),94,118,388,321
Seattle Seahawks,Green Bay Packers,23,28,Green Bay Packers -4.5,46.0 (over),110,109,277,243
Tennessee Titans,Kansas City Chiefs,24,35,Kansas City Chiefs -7.5,51.0 (over),85,112,237,294
Green Bay Packers,San Francisco 49ers,20,37,San Francisco 49ers -8.0,46.5 (over),62,285,326,77
San Francisco 49ers,Kansas City Chiefs,20,31,Kansas City Chiefs -1.5,52.5 (under),141,129,219,286
Indianapolis Colts,Buffalo Bills,24,27,Buffalo Bills -7.0,50.5 (over),163,96,309,324
Los Angeles Rams,Seattle Seahawks,30,20,Seattle Seahawks -3.0,42.5 (over),164,136,184,174
Tampa Bay Buccaneers,Washington Football Team,31,23,Tampa Bay Buccaneers -10.0,45.0 (over),142,86,381,306
Cleveland Browns,Pittsburgh Steelers,48,37,Pittsburgh Steelers -5.0,47.0 (over),127,52,263,501
Chicago Bears,New Orleans Saints,9,21,New Orleans Saints -11.0,48.0 (under),48,123,199,265
Baltimore Ravens,Tennessee Titans,20,13,Baltimore Ravens -3.5,53.5 (under),236,51,179,165
Los Angeles Rams,Green Bay Packers,18,32,Green Bay Packers -7.0,45.0 (over),96,188,174,296
Baltimore Ravens,Buffalo Bills,3,17,Buffalo Bills -2.5,49.5 (under),150,32,222,206
Cleveland Browns,Kansas City Chiefs,17,22,Kansas City Chiefs -7.5,55.5 (under),112,123,204,321
Tampa Bay Buccaneers,New Orleans Saints,30,20,New Orleans Saints -2.5,53.0 (under),127,104,199,190
Buffalo Bills,Kansas City Chiefs,24,38,Kansas City Chiefs -3.0,55.0 (over),129,114,287,325
Tampa Bay Buccaneers,Green Bay Packers,31,26,Green Bay Packers -3.0,53.0 (over),76,67,280,346
Tampa Bay Buccaneers,Kansas City Chiefs,31,9,Kansas City Chiefs -3.0,54.5 (under),145,107,201,270
